Men's Basketball,,
Abilene Christian,,
Air Force,,
Akron,,
Alabama,,
Alabama A&M,,
Alabama State,,
Albany (NY),,
Alcorn State,,
American,,
Appalachian State,,
Arizona,,
Arizona State,,
Arkansas,,
Arkansas State,,
Arkansas–Pine Bluff,,
Army West Point,,
Auburn,,
Austin Peay,,
Ball State,,
Baylor,,
Bellarmine,,
Belmont,,
Bethune–Cookman,,
Binghamton,,
Boise State,,
Boston College,,
Boston University,,
Bowling Green,,
Bradley,,
Brigham Young (BYU),,
Brown,,
Bryant,,
Bucknell,,
Buffalo,,
Butler,,
California Baptist,,
Canisius University,,
CSU Bakersfield,,
CSU Fullerton,,
CSU Northridge,,
Cal Poly,,
California (Berkeley),,
Campbell,,
Central Arkansas,,
Central Connecticut,,
Central Michigan,,
Charleston (College of Charleston),,
Charleston Southern,,
Charlotte,,
Chattanooga,,
Chicago State,,
Cincinnati,,
The Citadel,,
Clemson,,
Cleveland State,,
Coastal Carolina,,
Colgate,,
Colorado,,
Colorado State,,
Columbia,,
UConn (Connecticut),,
Coppin State,,
Cornell,,
Creighton,,
Dartmouth,,
Davidson,,
Dayton,,
Delaware,,
Delaware State,,
Denver,,
DePaul,,
Detroit Mercy,,
ixie State,,
Drake,,
Drexel,,
Duke,,
Duquesne,,
East Carolina,,
East Tennessee State,,
Eastern Illinois,,
Eastern Kentucky,,
Eastern Michigan,,
Eastern Washington,,
Elon,,
Evansville,,
Fairfield,,
Fairleigh Dickinson,,
Florida,,
Florida A&M,,
Florida Atlantic,,
Florida Gulf Coast,,
Florida International (FIU),,
Florida State,,
Fordham,,
Fresno State,,
Furman,,
Gardner–Webb,,
George Mason,,
George Washington,,
Georgetown,,
Georgia,,
Georgia Southern,,
Georgia State,,
Georgia Tech,,
Gonzaga,,
Grambling State,,
Grand Canyon,,
Hampton,,
Hartford,,
Harvard,,
Hawaiʻi,,
High Point,,
Hofstra,,
Holy Cross,,
Houston,,
Houston Baptist,,
Howard,,
Idaho,,
Idaho State,,
Illinois,,
Illinois State,,
Illinois–Chicago (UIC),,
Incarnate Word,,
Indiana,,
Indiana State,,
Iona,,
Iowa,,
Iowa State,,
IUPUI,,
Jacksonville,,
Jacksonville State,,
Jackson State University,,
James Madison,,
Kansas,,
Kansas State,,
Kennesaw State,,
Kent State,,
Kentucky,,
La Salle,,
Lafayette,,
Lamar,,
Lehigh,,
Liberty,,
Lipscomb,,
Little Rock,,
Long Beach State,,
Long Island University Brooklyn (LIU Brooklyn),,
Longwood,,
LSU (Louisiana State),,
Louisiana Tech,,
Louisiana (Lafayette),,
Louisiana–Monroe,,
Louisville,,
Loyola Chicago,,
Loyola Maryland,,
Loyola Marymount,,
Maine,,
Manhattan,,
Marist,,
Marquette,,
Marshall,,
Maryland,,
Maryland–Eastern Shore,,
Massachusetts,,
McNeese State,,
Memphis,,
Mercer,,
Merrimack,,
Miami (FL),,
Miami (OH),,
Michigan,,
Michigan State,,
Middle Tennessee,,
Milwaukee,,
Minnesota,,
Mississippi (Ole Miss),,
Mississippi State,,
Mississippi Valley State,,
Missouri,,
Missouri State,,
University of Missouri - Kansas City,,
Monmouth,,
Montana,,
Montana State,,
Morehead State,,
Morgan State,,
Mount St. Mary’s,,
Murray State,,
Navy,,
Nebraska,,
Nevada,,
New Hampshire,,
New Mexico,,
New Mexico State,,
New Orleans,,
Niagara,,
Nicholls State,,
NJIT,,
Norfolk State,,
North Alabama,,
North Carolina,,
North Carolina A&T,,
North Carolina Central,,
North Dakota,,
North Dakota State,,
Northeastern ,,
North Florida,,
North Texas,,
Northern Arizona,,
Northern Colorado,,
Northern Illinois,,
Northern Iowa,,
Northern Kentucky,,
Northwestern,,
Northwestern State,,
Notre Dame,,
Oakland,,
Ohio,,
Ohio State,,
Oklahoma,,
Oklahoma State,,
Old Dominion,,
Omaha (Nebraska–Omaha),,
Oral Roberts,,
Oregon,,
Oregon State,,
Pacific (CA),,
Penn (Pennsylvania),,
Penn State,,
Pepperdine,,
Pittsburgh,,
Portland,,
Portland State,,
Prairie View A&M,,
Presbyterian,,
Princeton,,
Providence,,
Purdue,,
Purdue University - Fort Wayne,,
Quinnipiac,,
Radford,,
Rhode Island,,
Rice,,
Richmond,,
Rider,,
Robert Morris,,
Rutgers,,
Sacramento State,,
Sacred Heart,,
St. Bonaventure,,
Saint Francis (PA),,
Saint Francis Brooklyn (NY),,
Saint Joseph’s,,
Saint Louis,,
Saint Mary’s (CA),,
Saint Peter’s,,
Sam Houston State,,
Samford,,
San Diego,,
San Diego State,,
San Francisco,,
San Jose State,,
Santa Clara,,
Savannah State,,
Seattle,,
Seton Hall,,
Siena,,
SIU–Edwardsville,,
SMU,,
South Alabama,,
South Carolina,,
South Carolina State,,
South Dakota,,
South Dakota State,,
South Florida,,
Southeast Missouri State,,
Southeastern Louisiana,,
Southern (Baton Rouge),,
Southern Illinois,,
Southern Miss,,
Southern Utah,,
St. John's University,,
Stanford,,
Stephen F. Austin,,
Stetson,,
Stony Brook,,
St Thomas,,
Syracuse,,
Tarleton State,,
TCU,,
Temple,,
Tennessee,,
Tennessee State,,
Tennessee Tech,,
Tennessee–Martin (UT Martin),,
Texas,,
Texas A&M,,
Texas A&M–Corpus Christi,,
Texas Southern,,
Texas State,,
Texas Tech,,
UC Davis,,
UT Arlington,,
UTEP,,
UT Rio Grande Valley,,
UT San Antonio,,
Toledo,,
Towson,,
Troy,,
Tulane,,
Tulsa,,
UAB (Alabama–Birmingham),,
UC Irvine,,
UC Riverside,,
UC Santa Barbara,,
UCF (Central Florida),,
UCLA (Los Angeles),,
UC San Diego,,
UMBC (Md.–Baltimore Co.),,
UMass Lowell,,
UNC Asheville,,
UNC Greensboro,,
UNC Wilmington,,
UNLV (Nevada–Las Vegas),,
USC (Southern California),,
USC Upstate,,
Utah,,
University of Wisconsin Green Bay,,
Utah State,,
Utah Valley,,
Valparaiso,,
Vanderbilt,,
VCU (Va. Commonwealth),,
VMI,,
Vermont,,
Villanova,,
Virginia,,
Virginia Tech,,
Wagner,,
Wake Forest,,
Washington,,
Washington State,,
Weber State,,
West Virginia,,
Western Carolina,,
Western Illinois,,
Western Kentucky,,
Western Michigan,,
Wichita State,,
William & Mary,,
Winthrop,,
Wisconsin,,
Wofford,,
Wright State,,
Wyoming,,
Xavier,,
Yale,,
Youngstown State,,